mutation_rate,transition_matrix_AT,transition_matrix_AC,transition_matrix_AG,transition_matrix_TA,transition_matrix_TC,transition_matrix_TG,transition_matrix_CA,transition_matrix_CT,transition_matrix_CG,transition_matrix_GA,transition_matrix_GT,transition_matrix_GC
5.5141725283531387e-05,0.45331879857480895,0.3707925646444318,0.17588863678075925,0.5110530475148956,0.27104185361663025,0.21790509886847428,0.09126937517611883,0.5537304375275384,0.35500018729634286,0.007218184711386355,0.8316746758045195,0.1611071394840942
