mutation_rate,transition_matrix_AT,transition_matrix_AC,transition_matrix_AG,transition_matrix_TA,transition_matrix_TC,transition_matrix_TG,transition_matrix_CA,transition_matrix_CT,transition_matrix_CG,transition_matrix_GA,transition_matrix_GT,transition_matrix_GC
7.936136273531865e-06,0.5356051137881164,0.34522748075032184,0.11916740546156185,0.05454538977527723,0.1044260584763354,0.8410285517483873,0.7893606734941956,0.0312292160946247,0.1794101104111797,0.6571634933586527,0.14828744702448465,0.19454905961686259
